	0
GO:0005575	82350
GO:0005622	61823
GO:0005634	25231
GO:0005737	44416
GO:0005783	3668
GO:0005790	65
GO:0012505	11249
GO:0014069	527
GO:0030054	5429
GO:0030425	1168
GO:0032279	537
GO:0036477	1903
GO:0042995	6556
GO:0043005	3053
GO:0043226	52258
GO:0043227	45208
GO:0043229	49848
GO:0043231	41716
GO:0045202	2859
GO:0060076	125
GO:0097447	1171
GO:0098688	48
GO:0098794	1094
GO:0098978	732
GO:0098984	574
GO:0099572	608
GO:0110165	80392
GO:0120025	6455
GO:0005667	976
GO:0032991	14985
GO:0005829	14307
GO:0005886	15351
GO:0016020	23558
GO:0071944	17332
GO:0005768	2042
GO:0005887	2695
GO:0010008	555
GO:0016021	4685
GO:0031090	6764
GO:0031224	5277
GO:0031226	2982
GO:0031410	4655
GO:0031982	5184
GO:0097708	4676
GO:0098588	3821
GO:0098805	3555
GO:0000123	323
GO:0005654	10285
GO:0031248	349
GO:0031974	15364
GO:0031981	13240
GO:0032777	9
GO:0035267	84
GO:0043189	84
GO:0043233	15362
GO:0070013	15356
GO:1902493	349
GO:1902494	4038
GO:1902562	174
GO:1990234	2037
GO:0005937	117
GO:0005576	6593
GO:0005856	5452
GO:0005875	341
GO:0005938	1430
GO:0015629	1309
GO:0015630	3318
GO:0016459	102
GO:0016461	30
GO:0030139	627
GO:0030424	1687
GO:0030426	361
GO:0030427	751
GO:0031476	5
GO:0043228	14147
GO:0043232	14098
GO:0045171	216
GO:0045172	58
GO:0045178	220
GO:0070864	28
GO:0070865	13
GO:0150034	740
GO:0000118	228
GO:0000228	1147
GO:0000785	1833
GO:0000790	448
GO:0000812	38
GO:0005694	3715
GO:0070603	298
GO:0097346	81
GO:1904949	354
GO:0005739	6655
GO:0020023	235
GO:0005618	884
GO:0005730	2881
GO:0005840	1324
GO:0005844	233
GO:0005911	2002
GO:0009506	850
GO:0015935	482
GO:0022626	805
GO:0022627	301
GO:0030312	1122
GO:0042788	139
GO:0044391	1146
GO:0055044	850
GO:0070161	2406
GO:1990904	2515
GO:0030286	113
GO:0016324	836
GO:0045177	1312
GO:0098590	2736
GO:0005777	849
GO:0005778	145
GO:0031903	145
GO:0042579	849
GO:0016604	1570
GO:0005794	3696
GO:0031012	830
GO:0062023	460
GO:0009507	2137
GO:0009532	737
GO:0009536	2803
GO:0009570	729
GO:0012506	1092
GO:0030141	1113
GO:0030659	1034
GO:0030667	378
GO:0099503	1545
GO:0030135	515
GO:0030136	322
GO:0030662	272
GO:0030665	172
GO:0048471	1235
GO:0009925	114
GO:0016323	569
GO:0035579	91
GO:0042581	162
GO:0000932	216
GO:0005773	2477
GO:0010494	227
GO:0035770	742
GO:0036464	709
GO:0048046	242
GO:0099080	3029
GO:0005740	1765
GO:0005743	1111
GO:0019866	1257
GO:0031966	1620
GO:0031967	3711
GO:0031975	4057
GO:0016607	721
GO:0045121	580
GO:0098589	608
GO:0098857	582
GO:0005615	2791
GO:0005741	430
GO:0019867	752
GO:0031968	552
GO:1903958	3
GO:1990204	438
GO:0009277	299
GO:0005782	92
GO:0031907	92
GO:0005802	625
GO:0031984	1368
GO:0055037	279
GO:0098791	819
GO:0005635	1341
GO:0005640	76
GO:0005884	220
GO:0030016	763
GO:0030017	668
GO:0030018	372
GO:0031674	407
GO:0031965	590
GO:0042175	1618
GO:0043292	840
GO:0099081	1896
GO:0099512	1870
GO:0099513	1010
GO:0005834	61
GO:0009898	329
GO:0019897	324
GO:0019898	628
GO:0031234	160
GO:0098552	1060
GO:0098562	401
GO:0098796	2835
GO:0098797	1294
GO:1905360	61
GO:0005929	2758
GO:0031225	467
GO:0046658	218
GO:0009986	1903
GO:0042597	256
GO:0030880	364
GO:0031379	8
GO:0031380	4
GO:0061695	724
GO:0005865	92
GO:0036379	134
GO:0008021	397
GO:0030133	716
GO:0030658	282
GO:0030672	157
GO:0043025	1337
GO:0044297	1502
GO:0070382	468
GO:0098793	1204
GO:0099501	158
GO:0009897	589
GO:0030285	64
GO:0031300	771
GO:0031301	716
GO:0098563	86
GO:0015934	669
GO:0022625	398
GO:0005759	1127
GO:0017087	7
GO:0098798	1051
GO:0000139	753
GO:0005769	565
GO:0031901	121
GO:0032588	119
GO:0045335	309
GO:0020016	113
GO:0031253	481
GO:0060170	105
GO:0018995	796
GO:0020002	219
GO:0033643	781
GO:0033644	275
GO:0043657	789
GO:0005903	218
GO:0031526	102
GO:0098862	296
GO:0009526	629
GO:0009579	593
GO:0009941	603
GO:0010319	36
GO:0032993	641
GO:0031594	443
GO:0045211	411
GO:0097060	678
GO:0000120	26
GO:0000151	560
GO:0000152	137
GO:0005680	78
GO:0031461	364
GO:0032838	1205
GO:0097014	1132
GO:0099568	1559
GO:0001917	103
GO:0005789	1500
GO:0000323	1318
GO:0005764	1029
GO:0030673	27
GO:0031252	692
GO:0031256	210
GO:0032589	107
GO:0032590	56
GO:0032809	57
GO:0044298	68
GO:0044304	151
GO:0030684	179
GO:0030687	61
GO:0005874	657
GO:0005881	260
GO:0000775	704
GO:0000776	460
GO:0098687	1081
GO:0043209	111
GO:0005921	87
GO:0000922	258
GO:0005819	946
GO:0005876	252
GO:0051233	157
GO:0005815	2005
GO:0036064	512
GO:0097730	387
GO:0042734	325
GO:0048786	232
GO:0048787	51
GO:0098839	112
GO:0098889	166
GO:0098936	224
GO:0098945	36
GO:0098948	135
GO:0098982	172
GO:0099055	214
GO:0099056	153
GO:0099059	31
GO:0099060	129
GO:0099061	86
GO:0099146	92
GO:0099240	316
GO:0099634	160
GO:0099699	296
GO:0017101	40
GO:0005942	49
GO:0016010	56
GO:0042383	298
GO:0090665	60
GO:0000322	304
GO:0000324	282
GO:0000329	188
GO:0005774	1165
GO:0030897	36
GO:0033263	23
GO:0098852	524
GO:0099023	209
GO:0000229	37
GO:0000262	16
GO:0005657	220
GO:0009295	180
GO:0042645	102
GO:0043596	167
GO:0030904	44
GO:0030906	6
GO:0097422	5
GO:0099073	3
GO:0005847	55
GO:0005849	64
GO:0033620	13
GO:1990251	9
GO:0016602	21
GO:0090575	410
GO:0005746	271
GO:0005747	165
GO:0030964	212
GO:0045271	181
GO:0070469	328
GO:0098800	456
GO:0098803	311
GO:0000791	109
GO:0000313	438
GO:0000315	250
GO:0005761	433
GO:0005762	247
GO:0001669	177
GO:0002079	5
GO:0002080	42
GO:0002081	6
GO:0008023	138
GO:0031462	29
GO:0070449	11
GO:0009534	443
GO:0031976	451
GO:0031977	58
GO:0001518	42
GO:0033268	33
GO:0034702	575
GO:0034703	423
GO:0034706	59
GO:0043194	40
GO:1902495	694
GO:1990351	738
GO:0030176	290
GO:0031227	301
GO:0035861	145
GO:0090734	169
GO:0030863	501
GO:0030864	344
GO:0005742	32
GO:0098799	57
GO:0005798	329
GO:0030117	199
GO:0030120	136
GO:0030126	30
GO:0030137	64
GO:0030660	164
GO:0030663	36
GO:0048475	199
GO:0009524	66
GO:0009574	18
GO:0031514	356
GO:0036126	189
GO:0097225	41
GO:0097729	218
GO:0001527	23
GO:0005776	164
GO:0005775	203
GO:0043202	97
GO:0031312	138
GO:0031314	40
GO:0001534	7
GO:0005879	12
GO:0005930	521
GO:0097545	4
GO:0097649	1
GO:0042555	52
GO:0020036	90
GO:0030430	442
GO:0033646	560
GO:0033655	346
GO:0043656	562
GO:0031233	90
GO:0031362	66
GO:0016586	56
GO:0035060	22
GO:0005826	98
GO:0032153	492
GO:0032154	208
GO:0070938	125
GO:0005758	192
GO:0031970	212
GO:0042719	16
GO:0042721	10
GO:0005700	346
GO:0005704	26
GO:0034708	223
GO:0035097	170
GO:0044665	33
GO:0005813	1266
GO:0005882	138
GO:0035371	101
GO:0044352	27
GO:0044354	27
GO:0045111	247
GO:1990752	121
GO:0005814	212
GO:0019005	130
GO:0008328	96
GO:0017146	28
GO:0043195	254
GO:0043197	249
GO:0043235	606
GO:0043679	397
GO:0044306	434
GO:0044309	261
GO:0098802	394
GO:0098878	98
GO:0031082	58
GO:0031083	49
GO:0034707	15
GO:0070820	164
GO:0070821	73
GO:0048188	37
GO:0030496	323
GO:0045495	211
GO:0060293	196
GO:0016592	146
GO:0005765	336
GO:0005766	157
GO:0035577	59
GO:0042582	157
GO:0005643	274
GO:0034399	332
GO:0005967	9
GO:0045254	33
GO:0005788	394
GO:1990909	17
GO:0034967	11
GO:0030008	49
GO:0005581	81
GO:0070461	113
GO:0071819	11
GO:0005902	166
GO:0098858	444
GO:0005953	9
GO:0000126	11
GO:0090576	27
GO:0000307	85
GO:0000428	355
GO:0000439	27
GO:0005675	46
GO:0016591	256
GO:0019907	4
GO:0019908	29
GO:0032806	64
GO:0055029	340
GO:0070516	4
GO:0070985	9
GO:0150005	13
GO:1902554	199
GO:1902911	242
GO:0000792	331
GO:0031672	182
GO:0009505	191
GO:0000923	12
GO:0000930	64
GO:0005816	187
GO:0044732	87
GO:0090406	83
GO:0009535	352
GO:0034357	426
GO:0042651	390
GO:0055035	362
GO:0031360	4
GO:0031361	3
GO:0097546	70
GO:0030315	112
GO:0044326	7
GO:0009317	8
GO:0033768	8
GO:0000159	39
GO:0008287	113
GO:1903293	117
GO:0072546	22
GO:0001891	67
GO:0000931	19
GO:0008274	18
GO:0005925	365
GO:0030055	474
GO:0000777	184
GO:0000778	134
GO:0000779	240
GO:0000780	134
GO:0000793	642
GO:0000794	369
GO:0005721	100
GO:0032133	34
GO:0072686	379
GO:0072687	66
GO:1990023	75
GO:1990385	16
GO:0002116	5
GO:0032281	36
GO:0098985	6
GO:0016442	155
GO:0031332	163
GO:0008180	72
GO:0033256	6
GO:0005923	171
GO:0016327	75
GO:0043296	342
GO:0070160	283
GO:0000131	79
GO:0005933	229
GO:0005934	93
GO:0005935	181
GO:0043332	92
GO:0051286	386
GO:0060187	421
GO:0032398	6
GO:0042611	39
GO:0005767	86
GO:0020020	26
GO:0032010	59
GO:0044232	100
GO:0044233	35
GO:0001750	184
GO:0097731	251
GO:0097733	234
GO:1990316	25
GO:0000235	84
GO:0005818	102
GO:0005912	329
GO:0005927	80
GO:0030175	235
GO:0044295	108
GO:0045169	121
GO:0045277	45
GO:0070069	116
GO:0008076	139
GO:0034705	161
GO:0001401	12
GO:0032865	10
GO:0045095	44
GO:0000502	336
GO:0005838	107
GO:0008540	33
GO:0022624	125
GO:1905368	461
GO:1905369	359
GO:0001650	290
GO:0043240	14
GO:0005770	513
GO:0031983	339
GO:0034774	332
GO:0060205	334
GO:0030027	256
GO:0031371	27
GO:0031372	8
GO:0043076	6
GO:0043078	6
GO:0033647	235
GO:0033648	231
GO:0042025	169
GO:0035692	4
GO:0005964	7
GO:0032040	74
GO:0033553	33
GO:0034455	9
GO:0009382	2
GO:0000815	19
GO:0036452	58
GO:0000939	22
GO:0000941	11
GO:0031511	12
GO:0000796	39
GO:0044815	110
GO:0036062	39
GO:0030118	97
GO:0000417	9
GO:0005791	144
GO:0043083	37
GO:0032432	156
GO:0070648	4
GO:0097518	5
GO:0110085	69
GO:0000242	49
GO:0001674	42
GO:0001939	9
GO:0001940	11
GO:0042585	26
GO:0043073	115
GO:0045120	45
GO:0031528	45
GO:0005859	26
GO:0016460	50
GO:0043196	27
GO:0043204	205
GO:0070852	33
GO:0030874	17
GO:0101002	124
GO:1904813	124
GO:0031519	121
GO:0035098	39
GO:0005685	61
GO:0030532	218
GO:0097525	188
GO:0120114	245
GO:0000803	76
GO:0001741	34
GO:0016514	61
GO:0071564	15
GO:0071565	14
GO:0043186	187
GO:0035869	213
GO:0097482	28
GO:0098975	51
GO:0035580	62
GO:0043034	35
GO:0044291	164
GO:0031430	123
GO:0016593	38
GO:0035327	78
GO:0055087	8
GO:0098591	9
GO:0001725	120
GO:0005915	31
GO:0016328	153
GO:0030057	50
GO:0030485	9
GO:0030486	4
GO:0042641	142
GO:0090636	2
GO:0090637	2
GO:0097433	14
GO:0097517	120
GO:1990357	9
GO:0005673	9
GO:0008250	31
GO:0005891	82
GO:0030666	285
GO:0034704	120
GO:1990454	19
GO:0019012	448
GO:0005796	144
GO:0005833	21
GO:0031838	3
GO:0071682	26
GO:1904724	55
GO:0000781	279
GO:0000782	44
GO:0000783	37
GO:0030870	19
GO:0070187	16
GO:0140445	77
GO:0033565	9
GO:0019814	29
GO:0042571	17
GO:0071745	7
GO:0071746	7
GO:0071748	4
GO:0071749	7
GO:0071750	5
GO:0071751	5
GO:0071752	3
GO:0071753	8
GO:0071754	3
GO:0071756	3
GO:0071757	2
GO:0046540	70
GO:0071001	4
GO:0097526	71
GO:0001673	64
GO:0030875	8
GO:0016027	10
GO:0016028	58
GO:0033583	13
GO:0042622	29
GO:0097381	41
GO:0097648	19
GO:0005839	97
GO:0019773	28
GO:0016605	96
GO:0120219	6
GO:0001726	195
GO:0033270	39
GO:0044840	6
GO:0044841	5
GO:0032994	39
GO:0034358	33
GO:0034364	26
GO:1990777	33
GO:0000325	166
GO:0009705	118
GO:0005614	50
GO:0097427	16
GO:0005753	110
GO:0016469	185
GO:0045259	128
GO:0005771	115
GO:0035693	1
GO:0042613	25
GO:0017053	183
GO:0090571	18
GO:1990433	3
GO:0031941	51
GO:0043230	465
GO:0043263	3
GO:0043264	4
GO:0089717	40
GO:0097431	53
GO:0005681	288
GO:0071013	91
GO:1990124	41
GO:0030056	40
GO:0000795	92
GO:0097047	2
GO:0099086	100
GO:0030868	6
GO:0030288	163
GO:0030313	346
GO:0031616	26
GO:0051285	60
GO:0099738	355
GO:0000142	19
GO:0030478	28
GO:0039713	33
GO:0039715	11
GO:0005583	21
GO:0005584	4
GO:0098643	21
GO:0098644	48
GO:0016363	129
GO:0044224	17
GO:0044305	30
GO:0030867	48
GO:0098554	49
GO:0098556	27
GO:0030428	115
GO:0035578	90
GO:0042470	44
GO:0048770	45
GO:0034245	5
GO:0008282	8
GO:0098843	7
GO:0062129	24
GO:0043190	62
GO:0098533	100
GO:0009326	9
GO:0032421	86
GO:0032437	13
GO:0060091	12
GO:0097732	12
GO:0048788	31
GO:0098831	52
GO:0099569	38
GO:0008305	71
GO:0098636	81
GO:0034451	193
GO:0035230	22
GO:0002178	18
GO:0031211	16
GO:0032541	47
GO:0071782	70
GO:0097038	69
GO:0098827	100
GO:1905961	16
GO:0008623	14
GO:0016589	15
GO:0016590	12
GO:0031010	51
GO:0031213	7
GO:0044300	9
GO:0044301	2
GO:1990032	1
GO:1990597	3
GO:0020011	93
GO:0030173	70
GO:0031228	75
GO:0031902	117
GO:0009279	170
GO:0110143	37
GO:0110146	29
GO:0020003	87
GO:0020005	47
GO:0065010	97
GO:0097149	8
GO:0009519	7
GO:0009531	29
GO:1990805	2
GO:0005779	33
GO:0031231	35
GO:0005628	66
GO:0042763	86
GO:0042764	76
GO:0020015	182
GO:0016234	138
GO:0016235	61
GO:0031414	26
GO:0031415	15
GO:0005801	111
GO:0012507	75
GO:0030134	137
GO:0030670	113
GO:0033106	9
GO:0055038	78
GO:0071556	48
GO:0098553	49
GO:0098576	66
GO:0031011	54
GO:0033202	64
GO:0005604	228
GO:0000127	16
GO:0009337	4
GO:0005940	47
GO:0031097	49
GO:0031105	33
GO:0032151	4
GO:0032152	4
GO:0032156	81
GO:0032161	42
GO:0032169	4
GO:0032175	4
GO:0036391	10
GO:0120104	14
GO:0005861	26
GO:0097542	83
GO:0005705	97
GO:0008278	40
GO:0055052	9
GO:0032587	78
GO:0005971	20
GO:0033596	10
GO:0019013	16
GO:0019028	106
GO:0044172	1
GO:0044177	18
GO:0044220	11
GO:0044423	262
GO:0071521	6
GO:0097574	25
GO:0097575	13
GO:1990463	2
GO:0031315	14
GO:0097196	6
GO:1990391	92
GO:0044322	18
GO:0008091	11
GO:0000974	49
GO:0120001	8
GO:0000940	52
GO:0000942	35
GO:0005827	15
GO:0005828	51
GO:0005880	14
GO:0042729	23
GO:1990498	30
GO:1990537	3
GO:1990941	1
GO:0005892	94
GO:0016528	181
GO:0016529	153
GO:0031306	66
GO:0031307	65
GO:0032592	177
GO:0033017	53
GO:0098573	187
GO:0046930	38
GO:0045179	153
GO:0005852	60
GO:0030688	23
GO:0002947	4
GO:0000314	176
GO:0005763	175
GO:0044165	34
GO:0060102	21
GO:0038143	2
GO:0005905	111
GO:0030119	97
GO:0030122	38
GO:0030125	72
GO:0030128	39
GO:0030131	63
GO:0030132	43
GO:0030669	109
GO:0045334	134
GO:0042101	31
GO:0042105	15
GO:0031520	34
GO:0031391	21
GO:0005749	23
GO:0045257	23
GO:0045273	44
GO:0045281	24
GO:0045283	27
GO:0016581	54
GO:0033186	18
GO:0090545	54
GO:0005671	50
GO:0008622	14
GO:0042575	101
GO:0005750	44
GO:0045275	44
GO:0098833	25
GO:0043590	19
GO:1990104	1
GO:1990178	1
GO:0005811	248
GO:0032936	4
GO:0032433	47
GO:0005656	30
GO:0031261	74
GO:0031298	27
GO:0036387	30
GO:0071162	44
GO:0005677	32
GO:0030869	3
GO:0001533	53
GO:0005917	22
GO:0036056	34
GO:0031201	113
GO:0044754	25
GO:0071953	11
GO:0032420	69
GO:0014704	104
GO:0005712	11
GO:0032300	26
GO:0005883	19
GO:0031310	29
GO:0033254	6
GO:0101031	92
GO:0020030	54
GO:0098993	22
GO:0005890	29
GO:0044327	14
GO:0090533	38
GO:0031089	14
GO:0042827	21
GO:0098826	6
GO:0071683	32
GO:0099617	13
GO:0042587	8
GO:0140268	15
GO:0101003	61
GO:0031237	8
GO:0098567	19
GO:0031463	58
GO:0009543	13
GO:0031978	13
GO:0034361	21
GO:0034385	22
GO:0005869	32
GO:0016282	17
GO:0033290	7
GO:0070993	21
GO:0000331	53
GO:0062159	53
GO:0000109	35
GO:0070522	5
GO:0070062	268
GO:1903561	366
GO:0014802	26
GO:0005795	228
GO:0005797	59
GO:0031985	159
GO:0005655	16
GO:0030677	44
GO:0030681	23
GO:1902555	72
GO:1905348	91
GO:0097512	12
GO:1990584	5
GO:0005863	11
GO:0032982	22
GO:0030915	27
GO:0106068	28
GO:0031904	52
GO:0097470	33
GO:0098684	14
GO:0098965	2
GO:0099535	13
GO:0031302	12
GO:0033093	6
GO:0009842	1
GO:0009843	1
GO:0033115	1
GO:0000164	24
GO:0000935	47
GO:0035838	58
GO:0061645	101
GO:1902716	14
GO:0035452	2
GO:0042170	130
GO:0031931	26
GO:0031932	34
GO:0038201	50
GO:0044292	31
GO:0000407	91
GO:1990072	18
GO:0001411	76
GO:0097197	10
GO:0034506	30
GO:0000938	23
GO:1990745	6
GO:0031467	7
GO:0030981	63
GO:0055028	53
GO:0001405	9
GO:0005744	42
GO:0031390	16
GO:0043198	75
GO:1901588	4
GO:0071458	16
GO:0035301	10
GO:0016035	8
GO:0031906	14
GO:0034777	2
GO:0005901	145
GO:0044853	188
GO:0005686	52
GO:0070274	3
GO:0000124	80
GO:0005669	78
GO:0000172	29
GO:0005732	150
GO:0036038	16
GO:0097452	7
GO:1990712	11
GO:0030289	16
GO:0005688	12
GO:1990726	8
GO:0005951	6
GO:0009527	46
GO:0009707	43
GO:0031969	118
GO:1990304	3
GO:1990071	27
GO:0098665	7
GO:0098666	7
GO:0060342	5
GO:1990907	26
GO:0005684	156
GO:0000798	15
GO:0030892	10
GO:0034990	8
GO:0061174	61
GO:0071212	21
GO:0016600	15
GO:0034448	6
GO:0039662	1
GO:0044230	1
GO:0044384	4
GO:0042405	21
GO:0031499	13
GO:0010598	12
GO:0033557	10
GO:0070090	9
GO:0005793	124
GO:0042612	6
GO:0042824	13
GO:0070971	79
GO:0035859	38
GO:0061700	17
GO:0017177	6
GO:0000178	92
GO:1905354	92
GO:0016580	11
GO:0070822	71
GO:0042629	10
GO:0032059	6
GO:0097227	7
GO:0035062	25
GO:0042599	33
GO:0097209	4
GO:0097232	11
GO:0097234	1
GO:0043659	1
GO:0043660	1
GO:0070111	1
GO:0020004	6
GO:0099522	48
GO:0099523	29
GO:0030445	56
GO:0012510	34
GO:0030121	25
GO:0030130	27
GO:0030140	67
GO:0030990	83
GO:0005945	13
GO:0005577	11
GO:0031091	99
GO:0031093	67
GO:0032839	31
GO:0120111	73
GO:0005868	52
GO:0032009	46
GO:0036186	5
GO:0061474	11
GO:0005608	3
GO:0043256	19
GO:0035101	10
GO:0048226	16
GO:0009528	65
GO:0009706	60
GO:0055120	72
GO:0070847	26
GO:1904115	18
GO:0031080	32
GO:0020007	60
GO:0020009	22
GO:0005885	51
GO:0019774	26
GO:0090543	39
GO:1990819	15
GO:0031021	19
GO:0031143	77
GO:0031260	6
GO:0033573	4
GO:1905862	4
GO:0044609	2
GO:0062201	6
GO:0070685	20
GO:0070687	8
GO:0044214	34
GO:1990315	5
GO:0044166	2
GO:0030061	23
GO:0000346	19
GO:0000347	32
GO:0000445	10
GO:0000446	4
GO:0005952	27
GO:0016342	34
GO:0005918	84
GO:0005920	7
GO:0035102	27
GO:0090404	18
GO:0020008	35
GO:1990225	8
GO:0044613	19
GO:0044614	13
GO:0010168	10
GO:0033588	20
GO:0000176	56
GO:0009380	3
GO:1905347	19
GO:0005832	53
GO:0009504	38
GO:0031466	13
GO:0005896	5
GO:0070110	3
GO:0032126	21
GO:0120155	3
GO:0000137	47
GO:0140220	24
GO:0140221	9
GO:0008385	13
GO:0071014	55
GO:1990769	6
GO:0046695	17
GO:0030446	73
GO:0000138	46
GO:0031092	17
GO:0070565	10
GO:0098691	20
GO:0071004	34
GO:0071010	35
GO:1903767	2
GO:1903768	2
GO:0035686	18
GO:0019033	38
GO:0000808	33
GO:0005664	32
GO:0044753	5
GO:0099078	8
GO:0033116	52
GO:0046729	10
GO:0044174	8
GO:0072493	1
GO:0000427	9
GO:0009508	18
GO:0042644	49
GO:0042646	56
GO:0030142	6
GO:0009521	48
GO:0009523	37
GO:0030075	32
GO:0030096	26
GO:0005662	30
GO:0030894	89
GO:0043601	81
GO:0005683	9
GO:0071204	10
GO:0033167	4
GO:0070578	19
GO:0005610	4
GO:0031019	39
GO:0045293	69
GO:0097386	52
GO:0097449	28
GO:0009274	28
GO:0009275	7
GO:0010339	12
GO:0030123	16
GO:0071439	10
GO:0017071	10
GO:0005689	26
GO:0071008	9
GO:0032390	2
GO:0035253	19
GO:0005682	29
GO:0071007	39
GO:0036019	33
GO:0036020	21
GO:1990060	3
GO:0043291	6
GO:0044615	27
GO:0034271	17
GO:0035032	30
GO:0010009	9
GO:0046691	5
GO:0015030	104
GO:0071598	26
GO:0099524	27
GO:0033178	36
GO:0045261	28
GO:0000786	67
GO:0061702	18
GO:0072557	5
GO:0000276	27
GO:0033177	38
GO:0045263	31
GO:0005751	30
GO:0031262	26
GO:0031617	32
GO:0035618	16
GO:0035619	8
GO:0032591	9
GO:0046581	10
GO:0005947	11
GO:0009353	6
GO:0030062	19
GO:0045239	35
GO:0045240	19
GO:0045252	14
GO:0010369	80
GO:0097165	13
GO:0008230	6
GO:0008231	2
GO:0008232	2
GO:0017119	31
GO:0062091	7
GO:0097504	10
GO:0030479	97
GO:0110131	2
GO:0005672	12
GO:1990229	5
GO:0035145	31
GO:0061574	3
GO:0016281	47
GO:0071006	22
GO:0071012	22
GO:0098015	71
GO:0000805	28
GO:0072487	16
GO:0036063	6
GO:0005858	47
GO:0043493	10
GO:0099091	41
GO:0099092	34
GO:0000133	11
GO:0005665	67
GO:0005825	11
GO:0140453	15
GO:1990230	2
GO:0097228	44
GO:0035003	29
GO:0098685	121
GO:0098888	18
GO:0098890	18
GO:0099243	34
GO:0031533	5
GO:0071595	4
GO:0030877	20
GO:0098690	19
GO:0045180	38
GO:0002199	11
GO:0043218	24
GO:0031469	22
GO:0031470	22
GO:1990526	3
GO:1990527	3
GO:0044569	4
GO:0031588	28
GO:0000110	7
GO:0031475	9
GO:0062039	74
GO:0062040	73
GO:0098723	12
GO:1990221	6
GO:0031304	93
GO:0031305	84
GO:0009355	2
GO:0002102	35
GO:0061825	3
GO:0071437	2
GO:0071821	7
GO:0000811	17
GO:1902710	15
GO:1902711	9
GO:0150051	1
GO:0005588	8
GO:0120199	6
GO:0009289	37
GO:0033391	24
GO:0000311	3
GO:0009547	5
GO:0035363	19
GO:0030014	58
GO:0099026	13
GO:0099144	20
GO:1990633	5
GO:0032783	16
GO:0097409	1
GO:0097413	8
GO:0097414	1
GO:0097462	1
GO:1990037	3
GO:1990038	1
GO:0044222	10
GO:0005845	18
GO:0032797	18
GO:0034518	29
GO:0034719	26
GO:0098686	51
GO:1902737	4
GO:1990812	5
GO:0098837	10
GO:0098845	18
GO:0098895	6
GO:0098944	3
GO:0098949	2
GO:0098951	2
GO:0099025	10
GO:0099030	6
GO:0099031	6
GO:0099033	2
GO:0099034	2
GO:0005637	81
GO:0005639	18
GO:0031229	18
GO:0030678	8
GO:0070939	6
GO:0005968	16
GO:0001400	7
GO:1990075	17
GO:0035323	10
GO:0000326	17
GO:0005663	10
GO:0019031	22
GO:0036338	23
GO:1990816	14
GO:0002177	16
GO:0070916	2
GO:0008074	11
GO:0000421	46
GO:0071513	3
GO:1990143	6
GO:0031522	6
GO:0005621	11
GO:0090651	6
GO:0036021	5
GO:0009319	4
GO:0032593	13
GO:0031164	30
GO:0000144	18
GO:0000399	29
GO:0005619	20
GO:0031160	53
GO:0032160	5
GO:0030127	32
GO:0030992	51
GO:0071005	50
GO:0071011	50
GO:0032473	8
GO:0097487	4
GO:0099400	1
GO:0098527	3
GO:0098024	12
GO:0098536	9
GO:0031934	30
GO:0044164	38
GO:1990452	3
GO:0032178	6
GO:0071341	16
GO:0032221	14
GO:0033698	21
GO:0035649	7
GO:0070775	32
GO:0070776	13
GO:0042583	21
GO:0031501	27
GO:0033185	7
GO:0010287	75
GO:0031235	20
GO:0098753	6
GO:0019197	1
GO:0098026	8
GO:0005666	39
GO:0005736	35
GO:0097179	16
GO:1904090	16
GO:0031303	8
GO:0043245	11
GO:0000418	14
GO:0009328	7
GO:0033061	15
GO:0031209	43
GO:0005948	4
GO:1990111	5
GO:0033281	13
GO:0030015	17
GO:0044308	9
GO:0098871	16
GO:0099571	29
GO:0001772	58
GO:0001931	17
GO:0031254	34
GO:0060473	19
GO:0045272	13
GO:0070470	22
GO:0032045	33
GO:0097440	30
GO:0097441	12
GO:0097450	10
GO:0097451	3
GO:1990030	3
GO:0034099	3
GO:0070724	12
GO:0110115	3
GO:1990425	3
GO:0031523	18
GO:0035189	10
GO:0017122	11
GO:0033597	9
GO:0098025	23
GO:0014701	13
GO:0097539	24
GO:0070032	5
GO:0070033	4
GO:0070044	8
GO:0032280	12
GO:0005962	5
GO:0045242	5
GO:0000145	50
GO:0005697	55
GO:0031597	43
GO:0034515	25
GO:0060198	14
GO:0060199	4
GO:0060203	4
GO:0061200	10
GO:0061202	10
GO:0070081	5
GO:0070083	5
GO:0005691	1
GO:0071002	1
GO:0000328	21
GO:0060417	21
GO:0045160	6
GO:0033018	8
GO:0070701	4
GO:0070702	1
GO:0070703	1
GO:0044216	17
GO:0044217	17
GO:0106139	9
GO:0043219	7
GO:0036396	24
GO:0009379	2
GO:0048476	13
GO:0070765	22
GO:0005835	6
GO:0044545	25
GO:0071141	24
GO:0000306	18
GO:0034045	18
GO:0097629	3
GO:0097632	4
GO:0097635	4
GO:1903349	4
GO:0042807	6
GO:0034674	3
GO:0071062	3
GO:0031464	12
GO:0031465	11
GO:0080008	58
GO:0035974	39
GO:0110092	9
GO:1903754	7
GO:1904511	13
GO:0031088	6
GO:0035631	11
GO:0098820	3
GO:0070725	9
GO:0017059	14
GO:0044695	11
GO:0001520	12
GO:0005862	7
GO:1990393	5
GO:0098807	19
GO:0000220	7
GO:0033176	53
GO:0033179	7
GO:0001740	8
GO:0022623	3
GO:0005871	83
GO:0036157	19
GO:0005956	28
GO:0030686	54
GO:0034456	6
GO:0031510	9
GO:0033503	8
GO:0042718	4
GO:0048179	13
GO:0035805	15
GO:0060388	9
GO:0043667	11
GO:0043668	7
GO:0009368	12
GO:0009840	8
GO:0043625	25
GO:0060077	36
GO:0042600	39
GO:0020022	30
GO:1990130	18
GO:0032449	7
GO:0043259	6
GO:0005916	16
GO:0120043	3
GO:0120044	5
GO:0098654	4
GO:0032168	5
GO:0030849	9
GO:0097203	6
GO:0035370	6
GO:0043514	13
GO:0009503	7
GO:0009517	6
GO:0009522	14
GO:0030076	10
GO:0030998	8
GO:0061694	4
GO:1904176	5
GO:0090726	10
GO:0031045	53
GO:0032127	19
GO:0098675	4
GO:0098956	4
GO:0098992	24
GO:0099012	14
GO:0099066	3
GO:1990742	7
GO:0005922	25
GO:0005720	22
GO:0032116	8
GO:0090694	4
GO:1990342	12
GO:0097224	12
GO:0016029	4
GO:0034663	15
GO:0071781	4
GO:0120082	4
GO:0018444	4
GO:0097443	8
GO:0016011	18
GO:0016012	10
GO:0099544	15
GO:1990964	3
GO:0000153	32
GO:0030891	9
GO:0001536	3
GO:0005641	19
GO:0031232	15
GO:0034362	13
GO:0034363	8
GO:0070381	4
GO:0106003	2
GO:1990635	14
GO:0031912	1
GO:0031258	11
GO:0031527	16
GO:0034992	15
GO:0034993	14
GO:0106083	14
GO:0106094	14
GO:1990531	11
GO:0000243	15
GO:0061617	14
GO:0031350	19
GO:0031351	19
GO:0031354	13
GO:0031355	13
GO:0031358	12
GO:0031359	12
GO:0000177	31
GO:0045025	7
GO:0033101	8
GO:0070310	2
GO:0002144	2
GO:0016006	17
GO:0070732	10
GO:0005642	11
GO:0043527	10
GO:0106143	4
GO:0044666	35
GO:0072357	10
GO:0120103	10
GO:0043203	19
GO:0098021	9
GO:0098022	2
GO:0032992	4
GO:0071666	3
GO:1990621	2
GO:0005955	16
GO:0000275	21
GO:0098981	32
GO:0031240	9
GO:0009782	1
GO:0005854	7
GO:0014731	18
GO:0035976	9
GO:1990243	2
GO:0071561	13
GO:0071563	3
GO:0034388	6
GO:0140510	2
GO:0045170	12
GO:0005593	6
GO:0005594	3
GO:0034750	3
GO:0010445	6
GO:0071203	29
GO:0005703	56
GO:0016222	7
GO:0042584	14
GO:0090724	7
GO:0097550	11
GO:0019185	4
GO:0044094	30
GO:0044204	4
GO:0043033	4
GO:0000136	8
GO:1990794	8
GO:1990795	1
GO:1990796	2
GO:0008541	24
GO:0000506	15
GO:0099631	1
GO:0070652	8
GO:0019008	5
GO:0036194	19
GO:0061176	16
GO:0061177	14
GO:0070877	5
GO:1903095	5
GO:0039714	22
GO:0044186	1
GO:0097344	6
GO:0000928	4
GO:0005822	11
GO:0005824	11
GO:0008275	10
GO:0005873	5
GO:0016938	5
GO:0061673	14
GO:1990295	4
GO:0019030	30
GO:0039617	8
GO:0035324	31
GO:0098549	8
GO:0097221	3
GO:0032019	10
GO:0016587	5
GO:0036436	2
GO:0036437	3
GO:0031264	15
GO:0031265	10
GO:0097342	6
GO:0043265	1
GO:0062130	7
GO:0000113	4
GO:0009514	6
GO:0009361	2
GO:0042709	9
GO:0035361	5
GO:0044611	10
GO:0034044	7
GO:0098835	18
GO:0098894	10
GO:1990861	2
GO:0046536	9
GO:0043626	4
GO:0044796	4
GO:0070557	2
GO:0009345	1
GO:0043020	17
GO:0032545	4
GO:0036053	1
GO:0031595	6
GO:1905754	2
GO:0044697	4
GO:0070937	6
GO:0070761	6
GO:0097255	8
GO:0020018	14
GO:0034464	23
GO:0071256	7
GO:0071261	3
GO:0016272	16
GO:0060200	3
GO:0060201	3
GO:0016007	3
GO:0034685	4
GO:0042272	5
GO:0031313	12
GO:0043564	8
GO:0070419	12
GO:0005950	6
GO:0005731	4
GO:0010370	4
GO:0039615	3
GO:1904269	6
GO:0005658	24
GO:0001652	9
GO:0033010	6
GO:0043220	17
GO:0038037	15
GO:0038039	7
GO:0005895	1
GO:0000813	22
GO:0070860	4
GO:0098999	3
GO:0071958	8
GO:0009512	9
GO:0044218	6
GO:1990900	13
GO:0030895	4
GO:0097543	9
GO:0019183	9
GO:0035840	12
GO:0031429	45
GO:0072588	51
GO:1905286	4
GO:1905370	2
GO:0033062	2
GO:0035517	4
GO:0009330	12
GO:0005701	30
GO:0044228	12
GO:0070209	7
GO:0001739	7
GO:0075341	2
GO:0008024	18
GO:0070692	6
GO:0005616	4
GO:0046860	11
GO:0070545	7
GO:0005587	25
GO:0098642	26
GO:0098645	26
GO:0098651	28
GO:0085042	7
GO:1990112	6
GO:0071540	8
GO:0071541	16
GO:1990415	11
GO:1990429	10
GO:0036128	10
GO:0098046	2
GO:0009325	5
GO:0044799	3
GO:1990723	4
GO:0030893	12
GO:0032173	9
GO:0032174	8
GO:0032176	9
GO:0032177	7
GO:0035985	5
GO:0099573	3
GO:1990716	11
GO:1990718	6
GO:0043293	10
GO:0009360	10
GO:0043846	3
GO:0097058	4
GO:0032391	65
GO:1990811	3
GO:0032585	11
GO:0070210	11
GO:0070867	6
GO:0034366	8
GO:0031416	5
GO:1990761	4
GO:0030896	14
GO:0016471	32
GO:1990477	6
GO:0009390	3
GO:0043494	6
GO:1902937	3
GO:0035448	2
GO:0035449	1
GO:0035451	1
GO:0098572	4
GO:1990604	5
GO:0039642	1
GO:0031257	4
GO:0072559	8
GO:0036457	4
GO:0033276	14
GO:0071339	28
GO:0009515	4
GO:0009542	4
GO:0000333	12
GO:1990572	2
GO:0016914	5
GO:0061696	5
GO:0034683	4
GO:0009321	2
GO:0000419	21
GO:0032584	11
GO:0030907	8
GO:0098592	21
GO:0000802	6
GO:0005633	1
GO:0010170	3
GO:1902503	6
GO:0000800	27
GO:0005652	42
GO:1990047	5
GO:0044157	1
GO:0120026	1
GO:0097658	3
GO:0017109	8
GO:0048189	5
GO:0072324	14
GO:0034365	5
GO:0042627	11
GO:0044816	2
GO:0061497	7
GO:0070421	1
GO:0032426	20
GO:0016513	18
GO:0097125	2
GO:0071601	1
GO:0031389	5
GO:0035328	1
GO:0005853	4
GO:0071957	9
GO:0090443	18
GO:0034693	3
GO:0140284	4
GO:0005919	6
GO:0031205	5
GO:0031207	4
GO:0120171	4
GO:0032021	8
GO:0098674	10
GO:0098922	10
GO:0031094	11
GO:0031095	9
GO:0031673	9
GO:0070552	5
GO:0031417	6
GO:0009533	10
GO:0060418	2
GO:0016942	9
GO:0036454	9
GO:0042567	8
GO:1990246	6
GO:0008290	20
GO:0099079	3
GO:0036375	3
GO:0106037	8
GO:0031521	14
GO:0010007	4
GO:0033650	12
GO:0044163	5
GO:0044190	2
GO:0044191	2
GO:0044612	4
GO:0090619	13
GO:0031166	27
GO:0071627	13
GO:0071628	13
GO:1990281	9
GO:0031251	4
GO:0000814	6
GO:1990483	12
GO:0030287	14
GO:0044316	7
GO:0044317	3
GO:0036409	9
GO:0036410	5
GO:0097691	8
GO:0005787	12
GO:0010005	8
GO:0033181	15
GO:0032798	6
GO:0000214	5
GO:0120115	14
GO:0005960	9
GO:0020039	21
GO:0070258	19
GO:0009930	1
GO:0044161	10
GO:0046809	3
GO:0043036	9
GO:0000125	4
GO:0030914	16
GO:1990567	3
GO:0030905	4
GO:0097013	7
GO:0097129	3
GO:0089713	3
GO:0005638	10
GO:0009276	19
GO:0120212	1
GO:0031230	28
GO:0045203	15
GO:0034718	3
GO:0045260	7
GO:0031431	11
GO:0062071	2
GO:0005687	9
GO:0034709	12
GO:0005893	2
GO:0042601	10
GO:0005851	23
GO:0008303	19
GO:0042765	17
GO:0033100	6
GO:1990467	5
GO:1990468	5
GO:0042588	25
GO:0042589	15
GO:0099189	8
GO:1905103	10
GO:0061908	11
GO:0019034	7
GO:1990205	1
GO:1990228	3
GO:0000444	11
GO:0000818	7
GO:0036284	3
GO:1904423	5
GO:0071546	7
GO:0046861	2
GO:0000943	2
GO:0031428	58
GO:0035996	16
GO:0097268	13
GO:0098830	3
GO:0005674	7
GO:1990512	1
GO:0009344	4
GO:0009654	3
GO:0005848	3
GO:0043614	10
GO:0099115	27
GO:0005846	9
GO:0098892	11
GO:0099147	8
GO:0043260	3
GO:0034686	3
GO:0061689	24
GO:0098029	2
GO:0009288	9
GO:0140007	5
GO:0097208	15
GO:0009365	3
GO:0005914	14
GO:1990195	3
GO:1990196	3
GO:0098561	7
GO:0036502	2
GO:0036513	9
GO:0000308	2
GO:0097619	5
GO:0005965	5
GO:0072534	8
GO:0098966	11
GO:0000801	13
GO:0005745	5
GO:0032002	2
GO:0098850	11
GO:0097513	5
GO:0005579	6
GO:0034098	22
GO:1990730	4
GO:0031592	8
GO:0097524	21
GO:0017102	6
GO:1990565	4
GO:0098842	3
GO:0070531	7
GO:0034680	2
GO:0061827	30
GO:1990913	13
GO:0120105	17
GO:0097233	6
GO:0097418	5
GO:0099020	2
GO:1990923	6
GO:0035997	10
GO:0070691	6
GO:0009513	5
GO:0072589	4
GO:0090661	6
GO:0005946	6
GO:0034494	2
GO:1990257	2
GO:0070250	4
GO:0032144	2
GO:1990131	4
GO:0120206	7
GO:1990578	10
GO:0097078	2
GO:0032039	17
GO:0031942	3
GO:0089716	2
GO:0005756	3
GO:0045269	3
GO:0009569	6
GO:0042406	19
GO:0005899	4
GO:0035183	13
GO:1990590	4
GO:0005786	14
GO:0048500	15
GO:0005727	4
GO:0005729	2
GO:0043505	8
GO:0046821	4
GO:0061638	16
GO:0097486	7
GO:0098575	2
GO:0000148	9
GO:0070505	5
GO:1990879	11
GO:0015627	18
GO:0098846	2
GO:0035841	10
GO:0032983	5
GO:0032419	2
GO:1990027	1
GO:0000111	2
GO:0005944	3
GO:0097651	7
GO:1905742	6
GO:0033162	13
GO:0045009	15
GO:0090741	15
GO:0071547	5
GO:0098898	4
GO:0099013	3
GO:1990423	10
GO:0002189	9
GO:1902912	3
GO:0020026	3
GO:0044311	1
GO:0008352	5
GO:0033269	5
GO:0120003	1
GO:0070762	3
GO:0031085	6
GO:0016533	5
GO:0071986	10
GO:0031241	14
GO:0097002	4
GO:0010330	4
GO:0061499	7
GO:0090740	2
GO:0036449	14
GO:1990070	6
GO:1990184	5
GO:0070824	4
GO:0110129	5
GO:0097710	2
GO:0034974	2
GO:0090395	3
GO:1990005	3
GO:0046806	4
GO:0070554	2
GO:1990530	2
GO:0031421	2
GO:0031236	2
GO:0030993	7
GO:0034359	1
GO:0034360	1
GO:1902773	7
GO:1990334	4
GO:0044284	8
GO:0097454	3
GO:0035658	7
GO:0043540	2
GO:0034681	2
GO:1905721	5
GO:0045298	9
GO:0036057	12
GO:0031905	8
GO:0017090	3
GO:0097444	7
GO:0098897	2
GO:0098952	2
GO:0099065	2
GO:0070418	3
GO:0033551	6
GO:0071817	5
GO:0034272	8
GO:0061826	1
GO:0061830	3
GO:0061834	1
GO:0061835	1
GO:0090725	4
GO:0000112	8
GO:0032444	6
GO:0033645	12
GO:0044167	6
GO:0055036	20
GO:0034687	2
GO:0034689	2
GO:0048237	7
GO:0005969	1
GO:0016013	4
GO:1990665	3
GO:1990667	2
GO:0043680	4
GO:0062128	2
GO:0030689	6
GO:0030690	3
GO:0035748	9
GO:0032997	3
GO:0032998	3
GO:1990860	2
GO:1903503	2
GO:1990501	2
GO:0098983	4
GO:0070195	2
GO:0071920	3
GO:0072669	6
GO:0070772	5
GO:0000835	18
GO:0000836	16
GO:0000839	14
GO:0031250	2
GO:0098891	3
GO:0097598	7
GO:1990630	2
GO:0032580	10
GO:0090498	5
GO:0098547	1
GO:0044096	16
GO:1902712	2
GO:0000500	8
GO:0005606	7
GO:0042382	10
GO:0061845	4
GO:1990033	3
GO:0012511	17
GO:0072562	8
GO:0034657	13
GO:0032807	8
GO:0097373	6
GO:0019815	8
GO:0031074	9
GO:0042564	7
GO:0016465	2
GO:1990220	2
GO:0034666	3
GO:0005958	7
GO:1990298	2
GO:0044196	9
GO:0034751	10
GO:0000806	3
GO:0045098	9
GO:0000274	3
GO:0045265	3
GO:0032299	9
GO:0098009	5
GO:0034973	4
GO:0009338	3
GO:0032389	4
GO:0071664	5
GO:0071665	1
GO:0097587	2
GO:0043655	9
GO:0036024	1
GO:0036025	1
GO:0036026	1
GO:0036027	1
GO:0036028	1
GO:0036029	1
GO:0036030	1
GO:0097180	11
GO:0097181	1
GO:0097182	1
GO:0097183	1
GO:0005754	4
GO:0045267	4
GO:0046798	10
GO:0061496	7
GO:0000408	17
GO:0043591	5
GO:0043592	3
GO:0008043	13
GO:0070288	13
GO:0031680	4
GO:0032578	6
GO:0033095	7
GO:1904602	2
GO:0071254	9
GO:0071020	4
GO:0070826	1
GO:0009376	8
GO:0039621	5
GO:0039626	3
GO:0009921	3
GO:0045244	3
GO:0002139	7
GO:0002141	6
GO:0002142	5
GO:0060171	2
GO:1990696	4
GO:0070390	13
GO:1905202	4
GO:0097136	9
GO:0097145	3
GO:0120200	7
GO:0034270	4
GO:0043541	5
GO:0043224	8
GO:0031518	5
GO:0044199	5
GO:0034668	3
GO:0098637	1
GO:1990971	1
GO:0009509	5
GO:0009575	2
GO:0044225	1
GO:0042735	2
GO:0048269	2
GO:0001651	6
GO:0099070	8
GO:0036501	5
GO:0005785	4
GO:0071144	5
GO:0032158	2
GO:0032163	2
GO:0110145	1
GO:0005954	5
GO:0032195	5
GO:0097204	3
GO:0039718	3
GO:0044162	4
GO:0062242	3
GO:0062243	3
GO:0120095	10
GO:0009329	2
GO:0061846	1
GO:0031004	5
GO:0005726	8
GO:0005602	3
GO:0005589	2
GO:0098647	2
GO:0005668	4
GO:0071575	13
GO:0034667	5
GO:0034679	4
GO:0046696	7
GO:0005757	7
GO:0097144	2
GO:0031411	2
GO:0034081	13
GO:0097059	2
GO:0101004	2
GO:0005784	5
GO:0042151	4
GO:0031246	10
GO:0099053	3
GO:0034678	3
GO:0009501	6
GO:0009537	1
GO:0035657	2
GO:0043528	3
GO:0043223	4
GO:0070056	6
GO:0070057	3
GO:0034676	3
GO:0000221	8
GO:0033180	8
GO:0033255	3
GO:0005597	1
GO:0097123	3
GO:0009424	2
GO:0097356	6
GO:0030526	1
GO:0060109	1
GO:0008537	2
GO:0070876	4
GO:0031308	5
GO:0031309	5
GO:0070743	4
GO:0042825	5
GO:0150058	2
GO:1903143	3
GO:1903439	5
GO:1903440	4
GO:0044302	7
GO:0097457	6
GO:0140512	7
GO:1902693	1
GO:0061836	9
GO:0039624	3
GO:0061671	2
GO:0030692	2
GO:0035866	3
GO:0035867	4
GO:0035868	3
GO:0033165	6
GO:0090658	4
GO:0031897	3
GO:0061927	3
GO:1990877	2
GO:0009539	1
GO:0044385	3
GO:0032586	6
GO:0044200	3
GO:0097537	1
GO:0009425	2
GO:0034669	2
GO:0002944	2
GO:0097541	2
GO:0061822	7
GO:0005850	9
GO:0030991	14
GO:0120231	2
GO:0035839	7
GO:0035842	1
GO:1990873	1
GO:0044538	10
GO:0032476	2
GO:1904974	1
GO:0031502	7
GO:0005607	3
GO:0043257	1
GO:0031560	2
GO:0031561	2
GO:0005823	9
GO:0034991	7
GO:0034592	1
GO:0030115	1
GO:1990462	2
GO:0030257	5
GO:0032117	2
GO:0044776	3
GO:0071797	4
GO:0120106	5
GO:0030956	6
GO:0009333	2
GO:0120135	1
GO:0036488	6
GO:0097057	2
GO:0017133	3
GO:0045251	3
GO:0098027	4
GO:0002133	2
GO:0099143	1
GO:0098595	8
GO:0031084	3
GO:0030112	6
GO:0030114	1
GO:0005760	6
GO:0097362	6
GO:1990063	5
GO:0031316	1
GO:0140261	1
GO:0000015	9
GO:0034066	4
GO:0070088	3
GO:0030124	10
GO:0009923	3
GO:0035749	7
GO:1990589	4
GO:0044099	5
GO:0000837	7
GO:0070369	3
GO:0009331	3
GO:0061493	3
GO:0044530	4
GO:0005595	2
GO:0030934	3
GO:0034274	4
GO:1903865	2
GO:0005722	1
GO:0030958	3
GO:0031259	2
GO:0017117	3
GO:0097445	1
GO:0035061	8
GO:0061576	3
GO:0035354	2
GO:0019812	1
GO:0061803	6
GO:0098733	2
GO:0005713	3
GO:1990862	2
GO:0016935	3
GO:0070695	5
GO:0072563	3
GO:0030314	7
GO:0030685	3
GO:1990753	2
GO:0044294	14
GO:0036195	5
GO:0150056	2
GO:1990406	2
GO:0002095	3
GO:0070451	4
GO:0098745	6
GO:0036266	3
GO:0000817	4
GO:0043159	10
GO:0090397	2
GO:0097456	1
GO:0044310	2
GO:0045274	5
GO:0045282	1
GO:0032937	4
GO:0000838	2
GO:1990674	1
GO:0097584	2
GO:0097585	2
GO:0061851	8
GO:0034457	8
GO:0071914	3
GO:0039720	1
GO:0043678	1
GO:0070645	3
GO:0039620	5
GO:0046727	5
GO:0098017	3
GO:0071597	2
GO:0010282	1
GO:0097124	5
GO:0008247	6
GO:0009516	1
GO:0098855	3
GO:0097134	4
GO:0097135	4
GO:0031039	2
GO:0014804	1
GO:0034064	3
GO:0072379	9
GO:0072380	6
GO:0031422	6
GO:0000438	3
GO:0036156	12
GO:1990077	1
GO:1990099	1
GO:1990875	1
GO:0033193	5
GO:0044393	4
GO:1902500	1
GO:1902501	1
GO:0033063	4
GO:1904564	2
GO:1990666	2
GO:0009346	2
GO:0098954	1
GO:0098955	1
GO:0099067	1
GO:0002945	2
GO:0036405	4
GO:0005725	1
GO:0097728	4
GO:0120134	4
GO:0030929	1
GO:0030931	1
GO:0072517	12
GO:0031244	1
GO:0060053	4
GO:0005872	2
GO:0090577	1
GO:0002193	3
GO:1990617	2
GO:0061175	2
GO:0097467	1
GO:0070442	1
GO:0009418	1
GO:0098574	4
GO:0061802	4
GO:0043160	1
GO:0097347	2
GO:0097540	1
GO:0005586	2
GO:0097042	8
GO:0042642	2
GO:1902929	1
GO:0090537	2
GO:0097442	3
GO:1990026	2
GO:0099192	2
GO:1990871	2
GO:0044194	15
GO:0070992	2
GO:0110142	7
GO:0099616	1
GO:1990303	2
GO:0036398	2
GO:0016507	3
GO:0036125	3
GO:0070618	1
GO:1902636	3
GO:0043529	8
GO:0005943	4
GO:0032311	2
GO:0046611	1
GO:0048555	3
GO:0045250	3
GO:0044307	9
GO:0150001	3
GO:0150002	2
GO:0150014	1
GO:0031352	4
GO:0031353	4
GO:0031356	3
GO:0031357	3
GO:0009350	2
GO:0016014	2
GO:0009420	1
GO:0009421	1
GO:1990682	2
GO:0042720	4
GO:0044175	2
GO:0044184	2
GO:0044185	1
GO:0097140	1
GO:0097141	1
GO:0071021	3
GO:0089701	6
GO:1990202	1
GO:1990586	1
GO:0016939	7
GO:0001535	1
GO:0098559	3
GO:0031395	2
GO:0097361	10
GO:0014705	1
GO:0038038	4
GO:1990529	2
GO:0035525	2
GO:0071159	3
GO:0035355	2
GO:0048353	1
GO:0031515	2
GO:1905720	1
GO:0009366	2
GO:0033309	4
GO:0042603	3
GO:0043595	1
GO:0034673	3
GO:0043511	5
GO:0043512	4
GO:0032044	8
GO:0034507	4
GO:0110078	3
GO:0031910	2
GO:0002169	2
GO:0043847	1
GO:1990524	2
GO:0044289	1
GO:0009783	1
GO:0099029	5
GO:0061672	2
GO:0009530	1
GO:0097505	2
GO:1990528	2
GO:0036406	2
GO:1990201	1
GO:0009544	2
GO:0030938	1
GO:0002096	2
GO:0097630	1
GO:0097631	1
GO:0035339	8
GO:0072558	4
GO:0097169	4
GO:1990533	5
GO:1990377	2
GO:0039616	2
GO:0039625	2
GO:0009340	2
GO:0070823	3
GO:0034715	6
GO:0031562	4
GO:0097636	2
GO:0097637	2
GO:0045092	2
GO:0070263	3
GO:0055031	1
GO:0070913	2
GO:0017054	2
GO:0039661	2
GO:0044178	2
GO:0044193	1
GO:0070435	2
GO:0097519	2
GO:0062092	2
GO:0098023	2
GO:0048225	1
GO:0009375	3
GO:0044095	3
GO:0016456	2
GO:0005900	2
GO:0060106	3
GO:0060107	2
GO:0060111	2
GO:0031002	2
GO:0032301	6
GO:0099154	5
GO:0005592	1
GO:0034665	2
GO:0061957	3
GO:0043513	2
GO:1990612	2
GO:0120205	1
GO:1990836	2
GO:0052718	2
GO:0097583	2
GO:0034998	2
GO:0034999	1
GO:1990851	5
GO:0035059	3
GO:0070686	1
GO:0098683	3
GO:1990513	1
GO:0062074	2
GO:0035182	2
GO:0000327	1
GO:0035550	3
GO:1990097	1
GO:0098635	2
GO:0098594	2
GO:0032996	1
GO:0033257	2
GO:0140472	1
GO:0005590	1
GO:0098648	1
GO:0098652	1
GO:0033099	1
GO:0033111	1
GO:0031477	3
GO:0036087	1
GO:1905759	1
GO:0098577	2
GO:0005715	1
GO:0036286	2
GO:1990615	3
GO:0044280	1
GO:0071818	3
GO:0005591	1
GO:0005598	1
GO:0030935	1
GO:0098646	1
GO:0034083	2
GO:0044202	1
GO:0030094	6
GO:0005780	2
GO:0120228	1
GO:0070514	1
GO:0070176	3
GO:0071133	3
GO:0036117	2
GO:0044568	1
GO:0042652	1
GO:0099629	3
GO:0043673	2
GO:0043674	2
GO:0097025	3
GO:0030691	2
GO:0031436	4
GO:1903600	2
GO:0070931	1
GO:0097586	1
GO:0044299	4
GO:0002140	1
GO:1990427	1
GO:1990435	1
GO:0120249	2
GO:0030089	3
GO:0032302	4
GO:0097582	2
GO:0005600	1
GO:0030936	1
GO:0009336	3
GO:0090695	2
GO:0043253	1
GO:0014801	2
GO:0090534	2
GO:1990008	1
GO:0035632	4
GO:0039619	1
GO:0070319	2
GO:0072536	3
GO:0009551	1
GO:0097218	2
GO:0097229	3
GO:0005585	2
GO:0005631	1
GO:0030093	2
GO:0017086	2
GO:0070912	2
GO:0061742	1
GO:0098560	2
GO:0044156	3
GO:0044219	3
GO:0085039	1
GO:0036362	2
GO:0098018	1
GO:1990673	1
GO:1990701	1
GO:0120119	2
GO:0099160	4
GO:0099182	2
GO:1990876	1
GO:1990574	1
GO:0098752	1
GO:0043509	1
GO:0048180	1
GO:0071065	2
GO:0033065	2
GO:0071942	3
GO:0097568	1
GO:0097597	1
GO:1990826	2
GO:1990520	2
GO:0044207	1
GO:1990622	2
GO:0044383	1
GO:0000312	1
GO:0033593	1
GO:0097226	2
GO:0045284	4
GO:0009358	2
GO:0098896	1
GO:0098998	1
GO:0009316	1
GO:0020038	1
GO:0030095	1
GO:0043684	1
GO:0090512	1
GO:0034425	2
GO:0034426	2
GO:0000934	3
GO:0005693	1
GO:1990780	1
GO:0110070	4
GO:0110071	3
GO:1903144	1
GO:0034730	3
GO:0120220	1
GO:0031255	2
GO:0061832	2
GO:0099021	1
GO:0098836	1
GO:0098938	1
GO:0043593	1
GO:0034677	2
GO:0034468	1
GO:0000936	5
GO:0043188	2
GO:0070693	2
GO:0061831	2
GO:0150057	2
GO:0005889	1
GO:0062160	1
GO:0035808	1
GO:0009341	1
GO:0039618	1
GO:0034752	2
GO:0034753	1
GO:0070825	1
GO:0097453	2
GO:1990015	2
GO:0033291	1
GO:0034684	4
GO:0033104	4
GO:0034688	2
GO:0071024	2
GO:0098788	1
GO:1990356	1
GO:1990914	2
GO:0009510	1
GO:0009511	1
GO:0010368	1
GO:0097516	1
GO:0098859	1
GO:0005690	2
GO:0038045	1
GO:0090689	2
GO:0034591	1
GO:0009841	1
GO:0042716	2
GO:0042717	2
GO:0034424	2
GO:0019910	1
GO:0045253	1
GO:0070850	2
GO:0060108	1
GO:0061495	1
GO:0005821	1
GO:0140224	2
GO:0061828	2
GO:0061829	1
GO:0098844	1
GO:0098875	1
GO:0000345	1
GO:0090732	1
GO:0005723	1
GO:0042565	2
GO:1990917	1
GO:0070436	2
GO:0010006	1
GO:1990843	1
GO:1990844	1
GO:0099128	1
GO:1990457	1
GO:0033651	1
GO:0033652	1
GO:0097489	1
GO:0061850	1
GO:0085026	1
GO:0098853	1
GO:1990675	1
GO:1990676	1
GO:0044777	1
GO:0002197	1
GO:0033163	2
GO:0009419	2
GO:0042568	2
GO:0042022	1
GO:0039643	1
GO:0016610	1
GO:0120234	1
GO:0044303	1
GO:0098834	1
GO:0097132	1
GO:0061823	1
GO:1990916	1
GO:0033011	1
GO:0005898	1
GO:0034423	1
GO:0031317	1
GO:0044195	1
GO:0016008	1
GO:0010240	1
GO:0035000	1
GO:0106186	1
GO:0033203	1
GO:1990031	1
GO:0062157	2
GO:0060987	1
GO:0009578	1
GO:0048556	1
GO:0032921	1
GO:0150017	1
GO:1990061	1
GO:0097311	1
GO:0043597	1
GO:0042566	1
GO:0009529	1
GO:0031972	1
GO:0005582	1
GO:0140511	1
GO:0097189	1
GO:1903502	1
GO:0120098	2
GO:1904930	1
GO:0120100	1
GO:0120101	1
